{
  "model": "Qwen/Qwen2.5-0.5B-Instruct",
  "n_layers": 24,
  "hidden_dim": 896,
  "total_norm": 21.740646362304688,
  "layer_norms": [
    0.05265119671821594,
    0.1565508097410202,
    0.19426068663597107,
    0.2682839334011078,
    0.7788786292076111,
    1.394568920135498,
    1.7551729679107666,
    1.7585641145706177,
    1.6617677211761475,
    1.5466649532318115,
    1.5497851371765137,
    1.5317986011505127,
    1.6210455894470215,
    1.8659749031066895,
    1.9956048727035522,
    2.109774589538574,
    2.369331121444702,
    3.2915170192718506,
    3.8080644607543945,
    4.307796001434326,
    5.731677532196045,
    9.630637168884277,
    10.636932373046875,
    12.292153358459473
  ],
  "top_5_layers": [
    23,
    22,
    21,
    20,
    19
  ],
  "mean_layer_norm": 3.012894027555982,
  "std_layer_norm": 3.2582905908084774
}